<?xml version="1.0" encoding="utf-8"?>
<rss version="2.0">
	<channel>
		<title>Parliament.bg - Заседания на комисии</title>
		<link>http://www.parliament.bg</link>
		<description></description>
		<language>bg-BG</language>
		<item>
			<title>Комисия за контрол над службите за сигурност, използването и
				прилагането на специалните разузнавателни средства и достъпа до
				данните по закона за електронните съобщения</title>
			<link>http://www.parliament.bg/bg/parliamentarycommittees/members/2084/sittings/ID/6902
			</link>
			<pubDate>Thu, 03 Apr 2014 00:00:00 +0300</pubDate>
		</item>
		<item>
			<title>Комисия по земеделието и храните</title>
			<link>http://www.parliament.bg/bg/parliamentarycommittees/members/2073/sittings/ID/6900
			</link>
			<pubDate>Fri, 28 Mar 2014 00:00:00 +0200</pubDate>
		</item>
		<item>
			<title>Комисия по здравеопазването</title>
			<link>http://www.parliament.bg/bg/parliamentarycommittees/members/2077/sittings/ID/6887
			</link>
			<pubDate>Thu, 27 Mar 2014 00:00:00 +0200</pubDate>
		</item>
		<item>
			<title>Комисия по труда и социалната политика</title>
			<link>http://www.parliament.bg/bg/parliamentarycommittees/members/2074/sittings/ID/6890
			</link>
			<pubDate>Thu, 27 Mar 2014 00:00:00 +0200</pubDate>
		</item>
		<item>
			<title>Комисия по образованието и науката</title>
			<link>http://www.parliament.bg/bg/parliamentarycommittees/members/2075/sittings/ID/6895
			</link>
			<pubDate>Thu, 27 Mar 2014 00:00:00 +0200</pubDate>
		</item>
		<item>
			<title>Комисия по бюджет и финанси</title>
			<link>http://www.parliament.bg/bg/parliamentarycommittees/members/2066/sittings/ID/6897
			</link>
			<pubDate>Thu, 27 Mar 2014 00:00:00 +0200</pubDate>
		</item>
		<item>
			<title>Комисия по регионална политика и местно самоуправление</title>
			<link>http://www.parliament.bg/bg/parliamentarycommittees/members/2068/sittings/ID/6901
			</link>
			<pubDate>Thu, 27 Mar 2014 00:00:00 +0200</pubDate>
		</item>
		<item>
			<title>Комисия по въпросите на децата, младежта и спорта</title>
			<link>http://www.parliament.bg/bg/parliamentarycommittees/members/2076/sittings/ID/6883
			</link>
			<pubDate>Thu, 27 Mar 2014 00:00:00 +0200</pubDate>
		</item>
		<item>
			<title>Комисия по европейските въпроси и контрол на европейските
				фондове</title>
			<link>http://www.parliament.bg/bg/parliamentarycommittees/members/2085/sittings/ID/6885
			</link>
			<pubDate>Thu, 27 Mar 2014 00:00:00 +0200</pubDate>
		</item>
		<item>
			<title>Комисия по културата и медиите</title>
			<link>http://www.parliament.bg/bg/parliamentarycommittees/members/2080/sittings/ID/6881
			</link>
			<pubDate>Wed, 26 Mar 2014 00:00:00 +0200</pubDate>
		</item>
		<item>
			<title>Комисия по транспорт, информационни технологии и съобщения
			</title>
			<link>http://www.parliament.bg/bg/parliamentarycommittees/members/2079/sittings/ID/6892
			</link>
			<pubDate>Wed, 26 Mar 2014 00:00:00 +0200</pubDate>
		</item>
		<item>
			<title>Комисия по енергетика</title>
			<link>http://www.parliament.bg/bg/parliamentarycommittees/members/2065/sittings/ID/6894
			</link>
			<pubDate>Wed, 26 Mar 2014 00:00:00 +0200</pubDate>
		</item>
		<item>
			<title>Комисия по земеделието и храните</title>
			<link>http://www.parliament.bg/bg/parliamentarycommittees/members/2073/sittings/ID/6898
			</link>
			<pubDate>Wed, 26 Mar 2014 00:00:00 +0200</pubDate>
		</item>
		<item>
			<title>Комисия по икономическата политика и туризъм</title>
			<link>http://www.parliament.bg/bg/parliamentarycommittees/members/2064/sittings/ID/6884
			</link>
			<pubDate>Wed, 26 Mar 2014 00:00:00 +0200</pubDate>
		</item>
		<item>
			<title>Комисия по правни въпроси</title>
			<link>http://www.parliament.bg/bg/parliamentarycommittees/members/2067/sittings/ID/6896
			</link>
			<pubDate>Wed, 26 Mar 2014 00:00:00 +0200</pubDate>
		</item>
		<item>
			<title>Комисия по инвестиционно проектиране
</title>
			<link>http://www.parliament.bg/bg/parliamentarycommittees/members/2069/sittings/ID/6888
			</link>
			<pubDate>Wed, 26 Mar 2014 00:00:00 +0200</pubDate>
		</item>
		<item>
			<title>Временна анкетна комисия за проверка и установяване на всички
				факти и обстоятелства, довели до внезапното подаване на оставка от
				Христо Дамянов Бисеров от всички заемани постове в Народното
				събрание и политическата партия "Движение за права и свободи", в
				резултат на негови действия, след които са образувани наказателни
				производства за престъпления, свързани с изпиране на пари, подаване
				на декларации с невярно съдържание и други, както и потенциалното
				неправомерно изтичане на информация от българските служби за
				сигурност към "Боянските сараи", както и всички факти и
				обстоятелства, свързани с твърденията за скандална кореспонденция и
				среща между председателя на ГЕРБ Бойко Борисов и Бисер Миланов,
				известен като Петното</title>
			<link>http://www.parliament.bg/bg/parliamentarycommittees/members/2257/sittings/ID/6891
			</link>
			<pubDate>Tue, 25 Mar 2014 00:00:00 +0200</pubDate>
		</item>
		<item>
			<title>Временна анкетна комисия за проверка и установяване на всички
				обстоятелства около публично огласения телефонен разговор между
				бившия министър-председател Бойко Борисов и бившия директор на
				Агенция "Митници" Ваньо Танов, в който се съдържат данни за грубо
				склоняване към тежки престъпления и злоупотреба с власт</title>
			<link>http://www.parliament.bg/bg/parliamentarycommittees/members/2243/sittings/ID/6889
			</link>
			<pubDate>Tue, 25 Mar 2014 00:00:00 +0200</pubDate>
		</item>
		<item>
			<title>Временна анкетна комисия за проверка и установяване на всички
				факти и обстоятелства, довели до внезапното подаване на оставка от
				Христо Дамянов Бисеров от всички заемани постове в Народното
				събрание и политическата партия "Движение за права и свободи", в
				резултат на негови действия, след които са образувани наказателни
				производства за престъпления, свързани с изпиране на пари, подаване
				на декларации с невярно съдържание и други, както и потенциалното
				неправомерно изтичане на информация от българските служби за
				сигурност към "Боянските сараи", както и всички факти и
				обстоятелства, свързани с твърденията за скандална кореспонденция и
				среща между председателя на ГЕРБ Бойко Борисов и Бисер Миланов,
				известен като Петното</title>
			<link>http://www.parliament.bg/bg/parliamentarycommittees/members/2257/sittings/ID/6876
			</link>
			<pubDate>Fri, 21 Mar 2014 00:00:00 +0200</pubDate>
		</item>
		<item>
			<title>Комисия по регионална политика и местно самоуправление</title>
			<link>http://www.parliament.bg/bg/parliamentarycommittees/members/2068/sittings/ID/6865
			</link>
			<pubDate>Thu, 20 Mar 2014 00:00:00 +0200</pubDate>
		</item>
		<item>
			<title>Комисия по труда и социалната политика</title>
			<link>http://www.parliament.bg/bg/parliamentarycommittees/members/2074/sittings/ID/6872
			</link>
			<pubDate>Thu, 20 Mar 2014 00:00:00 +0200</pubDate>
		</item>
		<item>
			<title>Комисия по бюджет и финанси</title>
			<link>http://www.parliament.bg/bg/parliamentarycommittees/members/2066/sittings/ID/6874
			</link>
			<pubDate>Thu, 20 Mar 2014 00:00:00 +0200</pubDate>
		</item>
		<item>
			<title>Комисия по външна политика
</title>
			<link>http://www.parliament.bg/bg/parliamentarycommittees/members/2070/sittings/ID/6877
			</link>
			<pubDate>Thu, 20 Mar 2014 00:00:00 +0200</pubDate>
		</item>
		<item>
			<title>Комисия за борба с корупцията и конфликт на интереси</title>
			<link>http://www.parliament.bg/bg/parliamentarycommittees/members/2083/sittings/ID/6878
			</link>
			<pubDate>Thu, 20 Mar 2014 00:00:00 +0200</pubDate>
		</item>
		<item>
			<title>Комисия по европейските въпроси и контрол на европейските
				фондове</title>
			<link>http://www.parliament.bg/bg/parliamentarycommittees/members/2085/sittings/ID/6862
			</link>
			<pubDate>Thu, 20 Mar 2014 00:00:00 +0200</pubDate>
		</item>
		<item>
			<title>Комисия за контрол над службите за сигурност, използването и
				прилагането на специалните разузнавателни средства и достъпа до
				данните по закона за електронните съобщения</title>
			<link>http://www.parliament.bg/bg/parliamentarycommittees/members/2084/sittings/ID/6861
			</link>
			<pubDate>Thu, 20 Mar 2014 00:00:00 +0200</pubDate>
		</item>
		<item>
			<title>Комисия по инвестиционно проектиране
</title>
			<link>http://www.parliament.bg/bg/parliamentarycommittees/members/2069/sittings/ID/6867
			</link>
			<pubDate>Wed, 19 Mar 2014 00:00:00 +0200</pubDate>
		</item>
		<item>
			<title>Комисия по здравеопазването</title>
			<link>http://www.parliament.bg/bg/parliamentarycommittees/members/2077/sittings/ID/6868
			</link>
			<pubDate>Wed, 19 Mar 2014 00:00:00 +0200</pubDate>
		</item>
		<item>
			<title>Комисия по въпросите на децата, младежта и спорта</title>
			<link>http://www.parliament.bg/bg/parliamentarycommittees/members/2076/sittings/ID/6869
			</link>
			<pubDate>Wed, 19 Mar 2014 00:00:00 +0200</pubDate>
		</item>
		<item>
			<title>Комисия по земеделието и храните</title>
			<link>http://www.parliament.bg/bg/parliamentarycommittees/members/2073/sittings/ID/6870
			</link>
			<pubDate>Wed, 19 Mar 2014 00:00:00 +0200</pubDate>
		</item>
		<item>
			<title>Комисия по енергетика</title>
			<link>http://www.parliament.bg/bg/parliamentarycommittees/members/2065/sittings/ID/6871
			</link>
			<pubDate>Wed, 19 Mar 2014 00:00:00 +0200</pubDate>
		</item>
		<item>
			<title>Комисия по транспорт, информационни технологии и съобщения
			</title>
			<link>http://www.parliament.bg/bg/parliamentarycommittees/members/2079/sittings/ID/6873
			</link>
			<pubDate>Wed, 19 Mar 2014 00:00:00 +0200</pubDate>
		</item>
		<item>
			<title>Комисия по вътрешна сигурност и обществен ред
</title>
			<link>http://www.parliament.bg/bg/parliamentarycommittees/members/2072/sittings/ID/6875
			</link>
			<pubDate>Wed, 19 Mar 2014 00:00:00 +0200</pubDate>
		</item>
		<item>
			<title>Комисия по вероизповеданията и парламентарна етика
</title>
			<link>http://www.parliament.bg/bg/parliamentarycommittees/members/2118/sittings/ID/6879
			</link>
			<pubDate>Wed, 19 Mar 2014 00:00:00 +0200</pubDate>
		</item>
		<item>
			<title>Комисия за взаимодействие с граждански организации и движения
			</title>
			<link>http://www.parliament.bg/bg/parliamentarycommittees/members/2081/sittings/ID/6849
			</link>
			<pubDate>Wed, 19 Mar 2014 00:00:00 +0200</pubDate>
		</item>
		<item>
			<title>Комисия по икономическата политика и туризъм</title>
			<link>http://www.parliament.bg/bg/parliamentarycommittees/members/2064/sittings/ID/6866
			</link>
			<pubDate>Wed, 19 Mar 2014 00:00:00 +0200</pubDate>
		</item>
		<item>
			<title>Временна анкетна комисия за проверка и установяване на всички
				обстоятелства около публично огласения телефонен разговор между
				бившия министър-председател Бойко Борисов и бившия директор на
				Агенция "Митници" Ваньо Танов, в който се съдържат данни за грубо
				склоняване към тежки престъпления и злоупотреба с власт</title>
			<link>http://www.parliament.bg/bg/parliamentarycommittees/members/2243/sittings/ID/6864
			</link>
			<pubDate>Tue, 18 Mar 2014 00:00:00 +0200</pubDate>
		</item>
		<item>
			<title>Комисия по правни въпроси</title>
			<link>http://www.parliament.bg/bg/parliamentarycommittees/members/2067/sittings/ID/6863
			</link>
			<pubDate>Mon, 17 Mar 2014 00:00:00 +0200</pubDate>
		</item>
		<item>
			<title>Временна анкетна комисия за проверка и установяване на всички
				факти и обстоятелства, довели до внезапното подаване на оставка от
				Христо Дамянов Бисеров от всички заемани постове в Народното
				събрание и политическата партия "Движение за права и свободи", в
				резултат на негови действия, след които са образувани наказателни
				производства за престъпления, свързани с изпиране на пари, подаване
				на декларации с невярно съдържание и други, както и потенциалното
				неправомерно изтичане на информация от българските служби за
				сигурност към "Боянските сараи", както и всички факти и
				обстоятелства, свързани с твърденията за скандална кореспонденция и
				среща между председателя на ГЕРБ Бойко Борисов и Бисер Миланов,
				известен като Петното</title>
			<link>http://www.parliament.bg/bg/parliamentarycommittees/members/2257/sittings/ID/6858
			</link>
			<pubDate>Fri, 14 Mar 2014 00:00:00 +0200</pubDate>
		</item>
		<item>
			<title>Комисия по земеделието и храните</title>
			<link>http://www.parliament.bg/bg/parliamentarycommittees/members/2073/sittings/ID/6860
			</link>
			<pubDate>Fri, 14 Mar 2014 00:00:00 +0200</pubDate>
		</item>
		<item>
			<title>Комисия по околната среда и водите</title>
			<link>http://www.parliament.bg/bg/parliamentarycommittees/members/2078/sittings/ID/6842
			</link>
			<pubDate>Thu, 13 Mar 2014 00:00:00 +0200</pubDate>
		</item>
		<item>
			<title>Комисия по отбрана
</title>
			<link>http://www.parliament.bg/bg/parliamentarycommittees/members/2071/sittings/ID/6851
			</link>
			<pubDate>Thu, 13 Mar 2014 00:00:00 +0200</pubDate>
		</item>
		<item>
			<title>Комисия по здравеопазването</title>
			<link>http://www.parliament.bg/bg/parliamentarycommittees/members/2077/sittings/ID/6852
			</link>
			<pubDate>Thu, 13 Mar 2014 00:00:00 +0200</pubDate>
		</item>
		<item>
			<title>Комисия по труда и социалната политика</title>
			<link>http://www.parliament.bg/bg/parliamentarycommittees/members/2074/sittings/ID/6853
			</link>
			<pubDate>Thu, 13 Mar 2014 00:00:00 +0200</pubDate>
		</item>
		<item>
			<title>Комисия по образованието и науката</title>
			<link>http://www.parliament.bg/bg/parliamentarycommittees/members/2075/sittings/ID/6854
			</link>
			<pubDate>Thu, 13 Mar 2014 00:00:00 +0200</pubDate>
		</item>
		<item>
			<title>Комисия по бюджет и финанси</title>
			<link>http://www.parliament.bg/bg/parliamentarycommittees/members/2066/sittings/ID/6857
			</link>
			<pubDate>Thu, 13 Mar 2014 00:00:00 +0200</pubDate>
		</item>
		<item>
			<title>Комисия по културата и медиите</title>
			<link>http://www.parliament.bg/bg/parliamentarycommittees/members/2080/sittings/ID/6837
			</link>
			<pubDate>Wed, 12 Mar 2014 00:00:00 +0200</pubDate>
		</item>
		<item>
			<title>Комисия по въпросите на децата, младежта и спорта</title>
			<link>http://www.parliament.bg/bg/parliamentarycommittees/members/2076/sittings/ID/6840
			</link>
			<pubDate>Wed, 12 Mar 2014 00:00:00 +0200</pubDate>
		</item>
		<item>
			<title>Комисия по земеделието и храните</title>
			<link>http://www.parliament.bg/bg/parliamentarycommittees/members/2073/sittings/ID/6843
			</link>
			<pubDate>Wed, 12 Mar 2014 00:00:00 +0200</pubDate>
		</item>
		<item>
			<title>Комисия по енергетика</title>
			<link>http://www.parliament.bg/bg/parliamentarycommittees/members/2065/sittings/ID/6846
			</link>
			<pubDate>Wed, 12 Mar 2014 00:00:00 +0200</pubDate>
		</item>
	</channel>
</rss>