<?xml version="1.0" encoding="utf-8"?>
<rss version="2.0">
	<channel>
		<title>Parliament.bg - Парламентарен контрол</title>
		<link>http://www.parliament.bg</link>
		<description></description>
		<language>bg-BG</language>
		<item>
			<title>Парламентарен контрол</title>
			<description><![CDATA[<i>Програмата ще бъде публикувана след 18:00 на 27/03/2014 </i>]]></description>
			<link>http://www.parliament.bg/bg/parliamentarycontrol/ID/541</link>
			<pubDate>Fri, 28 Mar 2014 00:00:00 +0200</pubDate>
		</item>
		<item>
			<title>Парламентарен контрол</title>
			<description><![CDATA[<i>Програмата ще бъде публикувана след 18:00 на 20/03/2014 </i>]]></description>
			<link>http://www.parliament.bg/bg/parliamentarycontrol/ID/540</link>
			<pubDate>Fri, 21 Mar 2014 00:00:00 +0200</pubDate>
		</item>
		<item>
			<title>Парламентарен контрол</title>
			<description><![CDATA[<i>Програмата ще бъде публикувана след 18:00 на 13/03/2014 </i>]]></description>
			<link>http://www.parliament.bg/bg/parliamentarycontrol/ID/539</link>
			<pubDate>Fri, 14 Mar 2014 00:00:00 +0200</pubDate>
		</item>
		<item>
			<title>Парламентарен контрол</title>
			<description><![CDATA[Във връзка с писмо № 402-00-12 от 06.03.2014 г. на заместник министър-председателя Даниела Бобева, предстои след гласуване в пленарна зала, отпадане като точка от дневния ред за петък (7.03.2014 г.) на парламентарния контрол.]]></description>
			<link>http://www.parliament.bg/bg/parliamentarycontrol/ID/538</link>
			<pubDate>Fri, 07 Mar 2014 00:00:00 +0200</pubDate>
		</item>
		<item>
			<title>Парламентарен контрол</title>
			<description><![CDATA[<i>Програмата ще бъде публикувана след 18:00 на 27/02/2014 </i>]]></description>
			<link>http://www.parliament.bg/bg/parliamentarycontrol/ID/537</link>
			<pubDate>Fri, 28 Feb 2014 00:00:00 +0200</pubDate>
		</item>
		<item>
			<title>Парламентарен контрол</title>
			<description><![CDATA[<i>Програмата ще бъде публикувана след 18:00 на 20/02/2014 </i>]]></description>
			<link>http://www.parliament.bg/bg/parliamentarycontrol/ID/536</link>
			<pubDate>Fri, 21 Feb 2014 00:00:00 +0200</pubDate>
		</item>
		<item>
			<title>Парламентарен контрол</title>
			<description><![CDATA[<i>Програмата ще бъде публикувана след 18:00 на 06/02/2014 </i>]]></description>
			<link>http://www.parliament.bg/bg/parliamentarycontrol/ID/534</link>
			<pubDate>Fri, 07 Feb 2014 00:00:00 +0200</pubDate>
		</item>
		<item>
			<title>Парламентарен контрол</title>
			<description><![CDATA[<i>Програмата ще бъде публикувана след 18:00 на 30/01/2014 </i>]]></description>
			<link>http://www.parliament.bg/bg/parliamentarycontrol/ID/533</link>
			<pubDate>Fri, 31 Jan 2014 00:00:00 +0200</pubDate>
		</item>
		<item>
			<title>Парламентарен контрол</title>
			<description><![CDATA[<i>Програмата ще бъде публикувана след 18:00 на 23/01/2014 </i>]]></description>
			<link>http://www.parliament.bg/bg/parliamentarycontrol/ID/532</link>
			<pubDate>Fri, 24 Jan 2014 00:00:00 +0200</pubDate>
		</item>
		<item>
			<title>Парламентарен контрол</title>
			<description><![CDATA[<i>Програмата ще бъде публикувана след 18:00 на 16/01/2014 </i>]]></description>
			<link>http://www.parliament.bg/bg/parliamentarycontrol/ID/531</link>
			<pubDate>Fri, 17 Jan 2014 00:00:00 +0200</pubDate>
		</item>
		<item>
			<title>Парламентарен контрол</title>
			<description><![CDATA[<i>Програмата ще бъде публикувана след 18:00 на 19/12/2013 </i>]]></description>
			<link>http://www.parliament.bg/bg/parliamentarycontrol/ID/529</link>
			<pubDate>Fri, 20 Dec 2013 00:00:00 +0200</pubDate>
		</item>
		<item>
			<title>Парламентарен контрол</title>
			<description><![CDATA[<i>Програмата ще бъде публикувана след 18:00 на 12/12/2013 </i>]]></description>
			<link>http://www.parliament.bg/bg/parliamentarycontrol/ID/528</link>
			<pubDate>Fri, 13 Dec 2013 00:00:00 +0200</pubDate>
		</item>
		<item>
			<title>Парламентарен контрол</title>
			<description><![CDATA[<i>Програмата ще бъде публикувана след 18:00 на 28/11/2013 </i>]]></description>
			<link>http://www.parliament.bg/bg/parliamentarycontrol/ID/526</link>
			<pubDate>Fri, 29 Nov 2013 00:00:00 +0200</pubDate>
		</item>
		<item>
			<title>Парламентарен контрол</title>
			<description><![CDATA[<i>Програмата ще бъде публикувана след 18:00 на 21/11/2013 </i>]]></description>
			<link>http://www.parliament.bg/bg/parliamentarycontrol/ID/525</link>
			<pubDate>Fri, 22 Nov 2013 00:00:00 +0200</pubDate>
		</item>
		<item>
			<title>Парламентарен контрол</title>
			<description><![CDATA[<i>Програмата ще бъде публикувана след 18:00 на 14/11/2013 </i>]]></description>
			<link>http://www.parliament.bg/bg/parliamentarycontrol/ID/524</link>
			<pubDate>Fri, 15 Nov 2013 00:00:00 +0200</pubDate>
		</item>
		<item>
			<title>Парламентарен контрол</title>
			<description><![CDATA[<i>Програмата ще бъде публикувана след 18:00 на 07/11/2013 </i>]]></description>
			<link>http://www.parliament.bg/bg/parliamentarycontrol/ID/523</link>
			<pubDate>Fri, 08 Nov 2013 00:00:00 +0200</pubDate>
		</item>
		<item>
			<title>Парламентарен контрол</title>
			<description><![CDATA[<i>Програмата ще бъде публикувана след 18:00 на 31/10/2013 </i>]]></description>
			<link>http://www.parliament.bg/bg/parliamentarycontrol/ID/522</link>
			<pubDate>Fri, 01 Nov 2013 00:00:00 +0200</pubDate>
		</item>
		<item>
			<title>Парламентарен контрол</title>
			<description><![CDATA[<i>Програмата ще бъде публикувана след 18:00 на 28/10/2013 </i>]]></description>
			<link>http://www.parliament.bg/bg/parliamentarycontrol/ID/521</link>
			<pubDate>Tue, 29 Oct 2013 00:00:00 +0200</pubDate>
		</item>
		<item>
			<title>Парламентарен контрол</title>
			<description><![CDATA[<i>Програмата ще бъде публикувана след 18:00 на 24/10/2013 </i>]]></description>
			<link>http://www.parliament.bg/bg/parliamentarycontrol/ID/520</link>
			<pubDate>Fri, 25 Oct 2013 00:00:00 +0300</pubDate>
		</item>
		<item>
			<title>Парламентарен контрол</title>
			<description><![CDATA[<i>Програмата ще бъде публикувана след 18:00 на 17/10/2013 </i>]]></description>
			<link>http://www.parliament.bg/bg/parliamentarycontrol/ID/518</link>
			<pubDate>Fri, 18 Oct 2013 00:00:00 +0300</pubDate>
		</item>
	</channel>
</rss>