<?xml version="1.0" encoding="utf-8"?>
<rss version="2.0">
	<channel>
		<title>Parliament.bg - Пленарно заседание</title>
		<link>http://www.parliament.bg</link>
		<description></description>
		<language>bg-BG</language>
		<item>
			<title>Пленарно заседание</title>
			<description>26/03/2014
				- 28/03/2014<![CDATA[<br />1. Проект на решение за изменение на Решение за избиране на председател, заместник-председател и секретар и за разпределение на членовете на Централната избирателна комисия, прието от 42-то Народно събрание на 20 март 2014 г. (Вносители: Цецка Цачева и Димитър Главчев, 20.3.2014 г.).                 ]]><![CDATA[<br />2. Прекратяване на пълномощията на народен представител.]]><![CDATA[<br />3. Проекти на решения за промени в съставите на постоянни комисии и делегации на Народното събрание (Вносители: Четин Казак, 25.3.2014 г.; Красимир Велчев и Димитър Главчев, 25.3.2014 г.).]]><![CDATA[<br />4. Първо гласуване на Законопроект за изменение и допълнение на Закона за електронните съобщения (Вносители: Камен Костадинов и група народни представители, 7.3.2014 г.).]]><![CDATA[<br />5. Второ гласуване на Законопроект за Сметната палата (Вносители: Йордан Цонев, Петър Кънев, Румен Гечев и Сергей Кичиков, 12.2.2014 г. Приет на първо гласуване на 7.3.2014 г.) - продължение. ]]><![CDATA[<br />6. Второ гласуване на Законопроект за изменение и допълнение на Закона за потребителския кредит (Вносители: Йордан Цонев и група народни представители, 30.1.2014 г. Приет на първо гласуване на 7.3.2014 г.).]]><![CDATA[<br />7. Второ гласуване на Законопроект за изменение и допълнение на Закона за обществените поръчки (Вносител: Министерски съвет, 29.8.2013 г. Приет на първо гласуване на 10.10.2013 г.) - продължение.]]><![CDATA[<br />8. Второ гласуване на Законопроект за изменение на Закона за енергията от възобновяеми източници (Вносител: Министерски съвет, 13.01.2014 г. Приет на първо гласуване на 30.1.2014 г.).]]><![CDATA[<br />9. Второ гласуване на Законопроект за защита на растенията (Вносител: Министерски съвет, 31.7.2013 г. Приет на първо гласуване на 10.10.2013 г.).]]><![CDATA[<br />10. Второ гласуване на Законопроект за изменение и допълнение на Закона за собствеността и ползването на земеделските земи (Общ законопроект, изготвен на основата на приетите на първо гласуване на 11.3.2014 г. два законопроекта с вносители: Десислава Танева и група народни представители, 30.1.2014 г.; Светла Бъчварова и група народни представители, 6.2.2014 г).]]><![CDATA[<br />11. Първо гласуване на Законопроект за изменение и допълнение на Закона за автомобилните превози (Вносители: Камен Костадинов, Ердинч Хайрула и Георги Свиленски, 6.2.2014 г.).]]><![CDATA[<br />12. Първо гласуване на Законопроекти за изменение и допълнение на Закона за енергетиката (Вносители: Явор Куюмджиев и група народни представители, 20.9.2013 г.; Явор Куюмджиев и Таско Ерменков, 19.2.2014 г.).]]><![CDATA[<br />13. Първо гласуване на Законопроект за изменение на Закона за уреждане правата на граждани с многогодишни жилищно-спестовно влогове (Вносител: Министерски съвет, 17.1.2014 г.). ]]><![CDATA[<br />14. Първо гласуване на Законопроект за изменение и допълнение на Закона за водите (Вносители: Йордан Младенов и група народни представители, 5.2.2014 г.).]]><![CDATA[<br />15. Доклад на Временната анкетна комисия за проверка и установяване на всички случаи на грубо партизирано кадруване в държавната администрация и в други държавни структури и  предприятия, извършено в периода август 2009 - март 2013 г. и проект за решение по доклада (Вносител: Таско Ерменков, Председател на Комисията, 10.3.2014 г.).]]><![CDATA[<br />16. Доклад за дейността на Омбудсмана на Република България за 2012 г. (Вносител: Омбудсман на Република България, 1.4.2013 г.).]]><![CDATA[<br />17. Парламентарен контрол по чл. чл. 89 - 101 от Правилника за организацията и дейността на Народното събрание.]]></description>
			<link>http://www.parliament.bg/bg/plenaryprogram/ID/793</link>
			<pubDate>Wed, 26 Mar 2014 00:00:00 +0200</pubDate>
		</item>
		<item>
			<title>Пленарно заседание</title>
			<description>25/03/2014
				- 25/03/2014<![CDATA[<br />1. Второ гласуване на Законопроект за Сметната палата (Вносители: Йордан Цонев, Петър Кънев, Румен Гечев и Сергей Кичиков, 12.2.2014 г. Приет на първо гласуване на 7.3.2014 г.).]]><![CDATA[<br />2. Второ гласуване на Законопроект за изменение и допълнение на Закона за потребителския кредит (Вносители: Йордан Цонев и група народни представители, 30.1.2014 г. Приет на първо гласуване на 7.3.2014 г.).]]><![CDATA[<br />3. Второ гласуване на Законопроект за изменение и допълнение на Закона за обществените поръчки (Вносител: Министерски съвет, 29.8.2013 г. Приет на първо гласуване на 10.10.2013 г.) - продължение.]]></description>
			<link>http://www.parliament.bg/bg/plenaryprogram/ID/792</link>
			<pubDate>Tue, 25 Mar 2014 00:00:00 +0200</pubDate>
		</item>
		<item>
			<title>Пленарно заседание</title>
			<description>19/03/2014
				- 21/03/2014<![CDATA[<br />1. Прекратяване на пълномощията на народен представител (Подадена оставка от Доброслав Димитров, 14.3.2014 г.).]]><![CDATA[<br />2. Законопроект за ратифициране на Споразумението между правителството на Република България и Европейската организация за разработване на метеорологични спътници (EUMETSAT) относно присъединяването на Република България към Конвенцията за учредяването на Европейска организация за разработване на метеорологични спътници (EUMETSAT) и свързаните ред и условия, на Конвенцията за учредяване на Европейската организация за разработване на метеорологични спътници (EUMETSAT) и на Протокола за привилегиите и имунитетите на Европейската организация за разработване на метеорологични спътници (EUMETSAT) (Вносител: Министерски съвет, 28.2.2014 г.).]]><![CDATA[<br />3. Законопроект за ратифициране на Меморандума за разбирателство между Министерството на отбраната на Република България, Министерството на националната отбрана на Република Гърция и министъра на националната отбрана на Република Полша относно изграждането, администрирането и функционирането на Център за изследване, изграждане и усъвършенстване на способности на НАТО за управление на кризи и реагиране при бедствия, подписан на 28 август 2013 г. в Норфолк, Съединени американски щати (Вносител: Министерски съвет, 4.3.2014 г.).]]><![CDATA[<br />4. Първо гласуване на Законопроекти за изменение и допълнение на Закона за предотвратяване и установяване на конфликт на интереси (Вносители: Мая Манолова и Кирил Добрев, 9.12.2013 г.; Министерски съвет, 4.2.2014 г.).]]><![CDATA[<br />5. Първо гласуване на Законопроект за изменение и допълнение на Закона за гражданското въздухоплаване (Вносител: Камен Костадинов, 9.12.2013 г.).]]><![CDATA[<br />6. Първо гласуване на Законопроект за изменение и допълнение на Закона за подпомагане на земеделските производители (Вносители: Светла Бъчварова и група народни представители, 20.2.2014 г.).]]><![CDATA[<br />7. Избор на председател, заместник-председатели и секретар на Централната избирателна комисия – точка първа за четвъртък, 20.3.2014 г.

]]><![CDATA[<br />8. Второ гласуване на Законопроект за изменение и допълнение на Закона за обществените поръчки (Вносител: Министерски съвет, 29.8.2013 г. Приет на първо гласуване на 10.10.2013 г.) - продължение.]]><![CDATA[<br />9. Второ гласуване на Законопроект за защита на растенията (Вносител: Министерски съвет, 31.7.2013 г. Приет на първо гласуване на 10.10.2013 г.).]]><![CDATA[<br />10. Второ гласуване на Законопроект за изменение на Закона за енергията от възобновяеми източници (Вносител: Министерски съвет, 13.01.2014 г. Приет на първо гласуване на 30.1.2014 г.).]]><![CDATA[<br />11. Първо гласуване на Законопроект за изменение и допълнение на Закона за водите (Вносители: Йордан Младенов и група народни представители, 5.2.2014 г.).]]><![CDATA[<br />12. Първо гласуване на Законопроект за представителите по индустриална собственост (Вносител: Министерски съвет, 4.12.2013 г.).]]><![CDATA[<br />13. Първо гласуване на Законопроекти за изменение и допълнение на Закона за енергетиката (Вносители: Явор Куюмджиев и група народни представители, 20.9.2013 г.; Явор Куюмджиев и Таско Ерменков, 19.2.2014 г.).]]><![CDATA[<br />14. Доклад на Временната анкетна комисия за проверка и установяване на всички случаи на грубо партизирано кадруване в държавната администрация и в други държавни структури и  предприятия, извършено в периода август 2009 - март 2013 г. и проект за решение по доклада (Вносител: Таско Ерменков, Председател на Комисията, 10.3.2014 г.).]]><![CDATA[<br />15. Доклад за дейността на Омбудсмана на Република България за 2012 г. (Вносител: Омбудсман на Република България, 1.4.2013 г.).

]]><![CDATA[<br />16. Парламентарен контрол по чл. чл. 89 - 101 от Правилника за организацията и дейността на Народното събрание.]]></description>
			<link>http://www.parliament.bg/bg/plenaryprogram/ID/791</link>
			<pubDate>Wed, 19 Mar 2014 00:00:00 +0200</pubDate>
		</item>
		<item>
			<title>Пленарно заседание</title>
			<description>12/03/2014
				- 14/03/2014<![CDATA[<br />1. Първо гласуване на Законопроекти за изменение и допълнение на Закона за движението по пътищата (Вносители: Министерски съвет, 29.11.2013 г.; Ивайло Московски и Иван Вълков, 21.1.2014 г.).]]><![CDATA[<br />2. Първо гласуване на Законопроекти за изменение и допълнение на Закона за професионалното образование и обучение (Вносители: Милена Дамянова и група народни представители, 12.11.2013 г.; Валентина Богданова и група народни представители, 3.12.2013 г.).]]><![CDATA[<br />3. Законопроект за ратифициране на Договора за търговия с оръжие (Вносител: Министерски съвет, 6.2.2014 г.).

]]><![CDATA[<br />4. Второ гласуване на Законопроект за изменение и допълнение на Кодекса на труда (Вносител: Министерски съвет, 21.1.2014 г. Приет на първо гласуване на 6.2.2014 г.).]]><![CDATA[<br />5. Второ гласуване на Законопроект за изменение и допълнение на Закона за горите (Вносител: Министерски съвет, 15.11.2013 г. Приет на първо гласуване на 30.1.2014 г.).]]><![CDATA[<br />6. Второ гласуване на Законопроект за изменение и допълнение на Закона за обществените поръчки (Вносител: Министерски съвет, 29.8.2013 г. Приет на първо гласуване на 10.10.2013 г.) - продължение.]]><![CDATA[<br />7. Второ гласуване на Законопроект за защита на растенията (Вносител: Министерски съвет, 31.7.2013 г. Приет на първо гласуване на 10.10.2013 г.).]]><![CDATA[<br />8. Второ гласуване на Законопроект за изменение на Закона за енергията от възобновяеми източници (Вносител: Министерски съвет, 13.01.2014 г. Приет на първо гласуване на 30.1.2014 г.).]]><![CDATA[<br />9. Доклад на Временната анкетна комисия за проверка и установяване на всички случаи на грубо партизирано кадруване в държавната администрация и в други държавни структури и  предприятия, извършено в периода август 2009 - март 2013 г. и проект за решение по доклада (Вносител: Таско Ерменков, Председател на Комисията, 10.3.2014 г.).]]><![CDATA[<br />10. Доклад за дейността на Омбудсмана на Република България за 2012 г. (Вносител: Омбудсман на Република България, 1.4.2013 г.).]]><![CDATA[<br />11. Парламентарен контрол по чл. чл. 89 - 101 от Правилника за организацията и дейността на Народното събрание.]]></description>
			<link>http://www.parliament.bg/bg/plenaryprogram/ID/790</link>
			<pubDate>Wed, 12 Mar 2014 00:00:00 +0200</pubDate>
		</item>
		<item>
			<title>Пленарно заседание</title>
			<description>11/03/2014
				- 11/03/2014<![CDATA[<br />1. Първо гласуване на Законопроекти за изменение и допълнение на Закона за собствеността и ползването на земеделските земи (Вносители: Десислава Танева и група народни представители, 30.1.2014 г.; Светла Бъчварова и група народни представители, 6.2.2014 г.). - Разискванията са приключили на 7.3.2014 г. Насрочено е гласуване на законопроектите за 11.3.2014 г.]]><![CDATA[<br />2. Първо гласуване на Законопроекти за изменение и допълнение на Закона за убежището и бежанците (Вносител: Министерски съвет, 19.11.2013 г.; Адриан Асенов и група народни представители, 29.1.2014 г.). - Разискванията са приключили на 7.3.2014 г. Насрочено е гласуване на законопроектите за 11.3.2014 г.]]><![CDATA[<br />3. Първо гласуване на Законопроект за Фискален съвет (Вносител: Министерски съвет, 25.11.2013 г.). - Разискванията са приключили на 7.3.2014 г. Насрочено е гласуване на законопроекта за 11.3.2014 г.]]><![CDATA[<br />4. Второ гласуване на Законопроект за изменение и допълнение на Закона за кредитните институции (Вносител: Министерски съвет, 25.11.2013 г. Приет на първо гласуване на 15.1.2014 г.).]]><![CDATA[<br />5. Второ гласуване на Законопроект за изменение и допълнение на Закона за здравословни и безопасни условия на труд (Вносител: Министерски съвет, 12.12.2013 г. Приет на първо гласуване на 29.1.2014 г.).]]><![CDATA[<br />6. Второ гласуване на Законопроект за изменение и допълнение на Закона за интеграция на хората с увреждания (Вносител: Министерски съвет, 27.12.2013 г. Приет на първо гласуване на 29.1.2014 г.).]]><![CDATA[<br />7. Второ гласуване на Законопроект за изменение и допълнение на Административнопроцесуалния кодекс (Вносител: Министерски съвет, 27.11.2013 г. 27.12.2013 г. Приет на първо гласуване на 30.1.2014 г.).]]><![CDATA[<br />8. Второ гласуване на Законопроект за изменение и допълнение на Закона за обществените поръчки (Вносител: Министерски съвет, 29.8.2013 г. Приет на първо гласуване на 10.10.2013 г.).]]></description>
			<link>http://www.parliament.bg/bg/plenaryprogram/ID/789</link>
			<pubDate>Tue, 11 Mar 2014 00:00:00 +0200</pubDate>
		</item>
		<item>
			<title>Пленарно заседание</title>
			<description>05/03/2014
				- 07/03/2014<![CDATA[<br />1. Проект на решение за възстановяване на дейността и производството на Завода за непрекъснато леене на стомана на МК „Кремиковци“ (Вносители: Волен Сидеров и група народни представители, 20.11.2013 г.).]]><![CDATA[<br />2. Проект за решение по предложение за произвеждане на национален референдум, внесено от Президента на Република България на 30 януари 2014 г. ]]><![CDATA[<br />3. Проекти на решения за промени в състава и ръководствата на комисии и делегации на Народното събрание (Вносители: Димитър Главчев, 11.2.2014 г.; Красимир Велчев и Димитър Главчев, 18.2.2014 г.; Красимир Велчев и Димитър Главчев, 19.2.2014 г.; Янаки Стоилов, 4.03.2014 г.). ]]><![CDATA[<br />4. Второ гласуване на Законопроект за допълнение на Закона за виното и спиртните напитки (Вносители: Светла Бъчварова и група народни представители, 4.12.2013 г. Приет на първо гласуване на 16.1.2014 г.) - продължение.

]]><![CDATA[<br />5. Първо гласуване на Законопроект за Сметната палата (Вносители: Йордан Цонев, Петър Кънев, Румен Гечев и Сергей Кичиков, 12.2.2014 г.).]]><![CDATA[<br />6. Първо гласуване на Законопроект за изменение и допълнение на Закона за потребителския кредит (Вносители: Йордан Цонев и група народни представители, 30.1.2014 г.).]]><![CDATA[<br />7. Процедурни правила за предложения за състав на Централната избирателна комисия, изслушване на кандидатите и избор на председател, заместник-председатели и секретар на Централната избирателна комисия]]><![CDATA[<br />8. Второ гласуване на Законопроект за изменение и допълнение на Закона за водите (Вносители: Светла Бъчварова и група народни представители, 4.12.2013 г. Приет на първо гласуване на 30.1.2014 г.).]]><![CDATA[<br />9. Първо гласуване на Законопроект за изменение и допълнение на Закона за митниците (Вносител: Министерски съвет, 9.1.2014 г.).]]><![CDATA[<br />10. Първо гласуване на Законопроект за изменение и допълнение на Закона за оръжията, боеприпасите, взривните вещества и пиротехническите изделия (Вносител: Министерски съвет, 9.1.2014 г.).]]><![CDATA[<br />11. Първо гласуване на Законопроект за изменение и допълнение на Закона за защита от вредното въздействие на химичните вещества и смеси (Вносител: Министерски съвет, 13.1.2014 г.).]]><![CDATA[<br />12. Първо гласуване на Законопроект за изменение и допълнение на Закона за  административното регулиране на производството и търговията с оптични дискове, матрици и други носители, съдържащи обекти на авторското право и сродните му права (Вносител: Министерски съвет, 4.2.2014 г.).]]><![CDATA[<br />13. Първо гласуване на Законопроекти за изменение и допълнение на Закона за собствеността и ползването на земеделските земи (Вносители: Десислава Танева и група народни представители, 30.1.2014 г.; Светла Бъчварова и група народни представители, 6.2.2014 г.).]]><![CDATA[<br />14. Първо гласуване на Законопроекти за изменение и допълнение на Закона за убежището и бежанците (Вносител: Министерски съвет, 19.11.2013 г.; Адриан Асенов и група народни представители, 29.1.2014 г.).]]><![CDATA[<br />15. Първо гласуване на Законопроект за Фискален съвет (Вносител: Министерски съвет, 25.11.2013 г.).]]><![CDATA[<br />16. Второ гласуване на Законопроект за изменение и допълнение на Закона за кредитните институции (Вносител: Министерски съвет, 25.11.2013 г. Приет на първо гласуване на 15.1.2014 г.).]]><![CDATA[<br />17. Второ гласуване на Законопроект за изменение и допълнение на Закона за здравословни и безопасни условия на труд (Вносител: Министерски съвет, 12.12.2013 г. Приет на първо гласуване на 29.1.2014 г.).]]><![CDATA[<br />18. Второ гласуване на Законопроект за изменение и допълнение на Закона за интеграция на хората с увреждания (Вносител: Министерски съвет, 27.12.2013 г. Приет на първо гласуване на 29.1.2014 г.).]]><![CDATA[<br />19. Второ гласуване на Законопроект за изменение и допълнение на Административнопроцесуалния кодекс (Вносител: Министерски съвет, 27.11.2013 г. 27.12.2013 г. Приет на първо гласуване на 30.1.2014 г.).]]><![CDATA[<br />20. Второ гласуване на Законопроект за изменение и допълнение на Закона за обществените поръчки (Вносител: Министерски съвет, 29.8.2013 г. Приет на първо гласуване на 10.10.2013 г.).]]><![CDATA[<br />21. Парламентарен контрол по чл. 102 от Правилника за организацията и дейността на Народното събрание (сряда, 5.3.2014 г., от 12.30 ч.).        ]]><![CDATA[<br />22. Парламентарен контрол по чл. чл. 89 - 101 от Правилника за организацията и дейността на Народното събрание.]]></description>
			<link>http://www.parliament.bg/bg/plenaryprogram/ID/788</link>
			<pubDate>Wed, 05 Mar 2014 00:00:00 +0200</pubDate>
		</item>
		<item>
			<title>Пленарно заседание</title>
			<description>04/03/2014
				- 04/03/2014<![CDATA[<br />1. Ново обсъждане на Изборния кодекс, приет от Народното събрание на 21 февруари 2014 г.]]></description>
			<link>http://www.parliament.bg/bg/plenaryprogram/ID/787</link>
			<pubDate>Tue, 04 Mar 2014 00:00:00 +0200</pubDate>
		</item>
		<item>
			<title>Пленарно заседание</title>
			<description>26/02/2014
				- 28/02/2014<![CDATA[<br />1. Проект на решение за удължаване срока на действие на Временната анкетна комисия за проверка и установяване на всички обстоятелства около сделката за продажбата на летище „Божурище“ през 2005 г., както и процедурата по обявяване на летището за паметник на културата през 2008 г. и 2010 г. (Вносител: Петър Мутафчиев, председател на Временната анкетна комисия, 21.2.2014 г.).]]><![CDATA[<br />2. Второ гласуване на Законопроект за изменение и допълнение на Данъчно-осигурителния процесуален кодекс (Вносител: Йордан Цонев, 11.2.2014 г. Приет на първо гласуване на 17.2.2014 г.).]]><![CDATA[<br />3. Второ гласуване на Законопроект за изменение и допълнение на Закона за защита на лица, застрашени във връзка с наказателно производство (Вносител: Министерски съвет, 6.12.2013 г. Приет на първо гласуване на 30.1.2014 г.). ]]><![CDATA[<br />4. Ново обсъждане на Закона за изменение и допълнение на Закона за лекарствените продукти в хуманната медицина, приет от Народното събрание на 16 януари 2014 г. и върнат за ново обсъждане с Указ № 12 от 29 януари 2014 г. на Президента на Републиката по чл. 101 от Конституцията на Република България.    ]]><![CDATA[<br />5. Второ гласуване на Законопроект за ограничаване изменението на климата (Вносител: Министерски съвет, 26.9.2013 г. Приет на първо гласуване на 23.10.2013 г.) – продължение.]]><![CDATA[<br />6. Проект на решение за приемане на процедурни правила за издигане на кандидатури, представяне и публично оповестяване на документи и изслушване на кандидати за главен инспектор в Инспектората към Висшия съдебен съвет (Вносител: Комисия по правни въпроси, 31.1.2014 г.) и Проект за решение за приемане на процедурни правила за избор на главен инспектор в Инспектората към Висшия съдебен съвет (Вносител: Комисия по правни въпроси, 31.1.2014 г.).]]><![CDATA[<br />7. Първо гласуване на Законопроект за Министерството на вътрешните работи (Вносител: Министерски съвет, 11.11.2013 г.).                ]]><![CDATA[<br />8. Второ гласуване на Законопроект за изменение и допълнение на Наказателно-процесуалния кодекс (Вносител: Министерски съвет, 25.11.2013 г. Приет на първо гласуване на 12.12.2013 г.).]]><![CDATA[<br />9. Второ гласуване на Законопроект за изменение и допълнение на Закона за физическото възпитание и спорта (Вносител: Министерски съвет, 1.11.2013 г. Приет на първо гласуване на 18.12.2013 г.).]]><![CDATA[<br />10. Второ гласуване на Законопроект за изменение и допълнение на Закона за признаване на професионални квалификации (Вносител: Министерски съвет, 19.12.2013 г. Приет на първо гласуване на 7.2.2014 г.).]]><![CDATA[<br />11. Второ гласуване на Законопроект за изменение и допълнение на Закона за защита от дискриминация (Вносител: Министерски съвет, 25.11.2013 г. Приет на първо гласуване на 16.1.2014 г.).]]><![CDATA[<br />12. Второ гласуване на Законопроект за изменение и допълнение на Закона за авторското право и сродните му права (Общ законопроект, изготвен на основата на приетите на първо гласуване на 31.10.2013 г. два законопроекта с вносители: Министерски съвет, 13.8.2013 г.; Стефан Данаилов и група народни представители, 16.10.2013 г.).]]><![CDATA[<br />13. Второ гласуване на Законопроект за допълнение на Закона за виното и спиртните напитки (Вносители: Светла Бъчварова и група народни представители, 4.12.2013 г. Приет на първо гласуване на 16.1.2014 г.).]]><![CDATA[<br />14. Второ гласуване на Законопроект за изменение и допълнение на Закона за водите (Вносители: Светла Бъчварова и група народни представители, 4.12.2013 г. Приет на първо гласуване на 30.1.2014 г.).]]><![CDATA[<br />15. Първо гласуване на Законопроект за фискален съвет (Вносител: Министерски съвет, 25.11.2013 г.).]]><![CDATA[<br />16. Първо гласуване на Законопроект за изменение и допълнение на Закона за гражданското въздухоплаване (Вносител: Камен Костадинов, 9.12.2013 г.).]]><![CDATA[<br />17. Първо гласуване на Законопроект за изменение и допълнение на Закона за защита от вредното въздействие на химичните вещества и смеси (Вносител: Министерски съвет, 13.1.2014 г.).]]><![CDATA[<br />18. Парламентарен контрол по чл. чл. 89 - 101 от Правилника за организацията и дейността на Народното събрание.

]]></description>
			<link>http://www.parliament.bg/bg/plenaryprogram/ID/786</link>
			<pubDate>Wed, 26 Feb 2014 00:00:00 +0200</pubDate>
		</item>
		<item>
			<title>Пленарно заседание</title>
			<description>19/02/2014
				- 21/02/2014<![CDATA[<br />1. Прекратяване на пълномощията на народен представител (Подадена оставка от Владислав Горанов, 14.2.2014 г.).]]><![CDATA[<br />2. Проект на декларация за остро осъждане на изказванията на Хюсеин Хафъзов на 14.02.2014 г. по повод обсъждането на чл. 181 от проекта за нов Изборен кодекс (Вносители: Волен Сидеров и група народни представители, 17.2.2014 г.),  Проект на декларация за запазване на ценностите на демокрацията и етническия мир в Република България (Вносители: Цецка Цачева и група народни представители, 18.2.2014 г.) и Проект на декларация във връзка с ескалацията на напрежение на етническа, религиозна и политическа основа (Вносител: Михаил Миков, 18.2.2014 г.).]]><![CDATA[<br />3. Второ гласуване на Проект на Изборен кодекс (Вносители: Мая Манолова и група народни представители, 12.12.2013 г. Приет на първо гласуване на 23.1.2014 г.)- продължение.]]><![CDATA[<br />4. Ново обсъждане на Закона за изменение и допълнение на Закона за лекарствените продукти в хуманната медицина, приет от Народното събрание на 16 януари 2014 г. и върнат за ново обсъждане с Указ № 12 от 29 януари 2014 г. на Президента на Републиката по чл. 101 от Конституцията на Република България.]]><![CDATA[<br />5. Първо гласуване на Законопроект за Министерството на вътрешните работи (Вносител: Министерски съвет, 11.11.2013 г.).       ]]><![CDATA[<br />6. Проект на решение за приемане на процедурни правила за издигане на кандидатури, представяне и публично оповестяване на документи и изслушване на кандидати за главен инспектор в Инспектората към Висшия съдебен съвет (Вносител: Комисия по правни въпроси, 31.1.2014 г.) и Проект за решение за приемане на процедурни правила за избор на главен инспектор в Инспектората към Висшия съдебен съвет (Вносител: Комисия по правни въпроси, 31.1.2014 г.).]]><![CDATA[<br />7. Първо гласуване на Законопроект за фискален съвет (Вносител: Министерски съвет, 25.11.2013 г.).]]><![CDATA[<br />8. Второ гласуване на Законопроект за изменение и допълнение на Наказателно-процесуалния кодекс (Вносител: Министерски съвет, 25.11.2013 г. Приет на първо гласуване на 12.12.2013 г.).]]><![CDATA[<br />9. Парламентарен контрол по чл. чл. 89 - 101 от Правилника за организацията и дейността на Народното събрание.]]></description>
			<link>http://www.parliament.bg/bg/plenaryprogram/ID/785</link>
			<pubDate>Wed, 19 Feb 2014 00:00:00 +0200</pubDate>
		</item>
		<item>
			<title>Пленарно заседание</title>
			<description>17/02/2014
				- 18/02/2014<![CDATA[<br />1. Първо гласуване на Законопроект за изменение и допълнение на Данъчно-осигурителния процесуален кодекс (Вносител: Йордан Цонев, 11.2.2014 г.).]]><![CDATA[<br />2. Второ гласуване на Проект на Изборен кодекс (Вносители: Мая Манолова и група народни представители, 12.12.2013 г. Приет на първо гласуване на 23.1.2014 г.) - продължение.]]></description>
			<link>http://www.parliament.bg/bg/plenaryprogram/ID/784</link>
			<pubDate>Mon, 17 Feb 2014 00:00:00 +0200</pubDate>
		</item>
		<item>
			<title>Пленарно заседание</title>
			<description>12/02/2014
				- 14/02/2014<![CDATA[<br />1. Второ гласуване на Проект на Изборен кодекс (Вносители: Мая Манолова и група народни представители, 12.12.2013 г. Приет на първо гласуване на 23.1.2014 г.).]]><![CDATA[<br />2. Ново обсъждане на Закона за изменение и допълнение на Закона за лекарствените продукти в хуманната медицина, приет от Народното събрание на 16 януари 2014 г. и върнат за ново обсъждане с Указ № 12 от 29 януари 2014 г. на Президента на Републиката по чл. 101 от Конституцията на Република България.]]><![CDATA[<br />3. Първо гласуване на Законопроект за Министерството на вътрешните работи (Вносител: Министерски съвет, 11.11.2013 г.).       ]]><![CDATA[<br />4. Проект на решение за приемане на процедурни правила за издигане на кандидатури, представяне и публично оповестяване на документи и изслушване на кандидати за главен инспектор в Инспектората към Висшия съдебен съвет (Вносител: Комисия по правни въпроси, 31.1.2014 г.) и Проект за решение за приемане на процедурни правила за избор на главен инспектор в Инспектората към Висшия съдебен съвет (Вносител: Комисия по правни въпроси, 31.1.2014 г.).]]><![CDATA[<br />5. Първо гласуване на Законопроект за фискален съвет (Вносител: Министерски съвет, 25.11.2013 г.).]]><![CDATA[<br />6. Парламентарен контрол по чл. чл. 89 - 101 от Правилника за организацията и дейността на Народното събрание.

]]></description>
			<link>http://www.parliament.bg/bg/plenaryprogram/ID/783</link>
			<pubDate>Wed, 12 Feb 2014 00:00:00 +0200</pubDate>
		</item>
		<item>
			<title>Пленарно заседание</title>
			<description>11/02/2014
				- 11/02/2014<![CDATA[<br />1. Второ гласуване на Законопроект за изменение и допълнение на Закона за пътищата (Вносител: Министерски съвет, 25.10.2013 г. Приет на първо гласуване на 23.1.2014 г.).]]><![CDATA[<br />2. Второ гласуване на Законопроект за ограничаване изменението на климата (Вносител: Министерски съвет, 26.9.2013 г. Приет на първо гласуване на 23.10.2013 г.) – продължение.]]></description>
			<link>http://www.parliament.bg/bg/plenaryprogram/ID/782</link>
			<pubDate>Tue, 11 Feb 2014 00:00:00 +0200</pubDate>
		</item>
		<item>
			<title>Пленарно заседание</title>
			<description>10/02/2014
				- 10/02/2014<![CDATA[<br />1. Проект на решение за гласуване на вот на недоверие на Министерския съвет с министър-председател Пламен Орешарски за провала на правителството в областта на вътрешната сигурност и обществен ред (Вносители: Бойко Борисов и група народни представители; 6.2.2014 г.).]]></description>
			<link>http://www.parliament.bg/bg/plenaryprogram/ID/781</link>
			<pubDate>Mon, 10 Feb 2014 00:00:00 +0200</pubDate>
		</item>
		<item>
			<title>Пленарно заседание</title>
			<description>05/02/2014
				- 07/02/2014<![CDATA[<br />1. Проект на решение за създаване на Временна анкетна комисия за проверка и установяване на всички факти и обстоятелства, довели до внезапното подаване на оставка от Христо Дамянов Бисеров от всички заемани постове в Народното събрание и политическата партия Движение за права и свободи, в резултат на негови действия, след които са образувани наказателни производства за престъпления, свързани с изпиране на пари, подаване на декларации с невярно съдържание и други, както и потенциалното неправомерно изтичане на информация от българските служби за сигурност към „Боянските сараи“ (Вносители: Димитър Главчев и група народни представители, 21.11.2013 г.).]]><![CDATA[<br />2. Проекти на решения за промени в състава и ръководството на постоянни комисии на Народното събрание (Вносител: Янаки Стоилов, 4.2.2014 г.). ]]><![CDATA[<br />3. Проект на решение за удължаване срока на действие на Временната анкетна комисия за проверка и установяване на всички обстоятелства около публично огласения телефонен разговор между бившия министър-председател Бойко Борисов и бившия директор на Агенция „Митници“ Ваньо Танов, в който се съдържат данни за грубо склоняване към тежки престъпления и злоупотреба с власт (Вносител: Йордан Цонев, Председател на Временната анкетна комисия, 31.1.2014 г.).]]><![CDATA[<br />4. Първо гласуване на Законопроект за изменение и допълнение на Закона за защита на потребителите (Вносител: Министерски съвет, 5.11.2013 г.).]]><![CDATA[<br />5. Първо гласуване на Законопроекти за изменение и допълнение на Кодекса на труда (Вносители: Светлана Ангелова и група народни представители, 22.10.2013 г.; Магдалена Ташева и група народни представители, 19.12.2013 г.; Министерски съвет, 21.1.2014 г.).]]><![CDATA[<br />6. Първо гласуване на Законопроект за изменение и допълнение на Закона за признаване на професионални квалификации (Вносител: Министерски съвет, 19.12.2013 г.).]]><![CDATA[<br />7. Първо гласуване на Законопроект за изменение и допълнение на Закона за кадастъра и имотния регистър (Вносител: Емил Костадинов и група народни представители, 28.11.2013 г.).]]><![CDATA[<br />8. Първо гласуване на Законопроекти за изменение и допълнение на Закона за устройството на Черноморското крайбрежие (Вносители: Снежина Маджарова и група народни представители, 30.10.2013 г.; Димчо Михалевски и група народни представители, 27.11.2013 г.).      ]]><![CDATA[<br />9. Доклад относно развитието на приоритетните за Република България теми и досиета по време на Литовското председателство на Съвета на ЕС (юли - декември 2013 г.) и основни приоритети по време на Гръцкото председателство на Съвета на ЕС (януари - юни 2014 г.) (Изслушване по чл. 122, ал. 1 от ПОДНС) – точка първа за четвъртък, 6.2.2014 г.]]><![CDATA[<br />10. Проект на решение за приемане на процедурни правила за издигане на кандидатури, представяне и публично оповестяване на документи и изслушване на кандидати за главен инспектор в Инспектората към Висшия съдебен съвет (Вносител: Комисия по правни въпроси, 31.1.2014 г.) и Проект за решение за приемане на процедурни правила за избор на главен инспектор в Инспектората към Висшия съдебен съвет (Вносител: Комисия по правни въпроси, 31.1.2014 г.).]]><![CDATA[<br />11. Второ гласуване на Законопроект за ограничаване изменението на климата (Вносител: Министерски съвет, 26.9.2013 г. Приет на първо гласуване на 23.10.2013 г.) - продължение.]]><![CDATA[<br />12. Второ гласуване на Законопроект за изменение и допълнение на Наказателно-процесуалния кодекс (Вносител: Министерски съвет, 25.11.2013 г. Приет на първо гласуване на 12.12.2013 г.).]]><![CDATA[<br />13. Второ гласуване на Законопроект за изменение и допълнение на Закона за авторското право и сродните му права (Общ законопроект, изготвен на основата на приетите на първо гласуване на 31.10.2013 г. два законопроекта с вносители: Министерски съвет, 13.8.2013 г.; Стефан Данаилов и група народни представители, 16.10.2013 г.).]]><![CDATA[<br />14. Първо гласуване на Законопроект за фискален съвет (Вносител: Министерски съвет, 25.11.2013 г.).]]><![CDATA[<br />15. Първо гласуване на Законопроект за изменение и допълнение на Закона за защита от вредното въздействие на химичните вещества и смеси (Вносител: Министерски съвет, 13.1.2014 г.).        ]]><![CDATA[<br />16. Първо гласуване на Законопроект за Министерството на вътрешните работи (Вносител: Министерски съвет, 11.11.2013 г.).]]><![CDATA[<br />17. Доклади на Комисията за взаимодействие с граждански организации и движения по чл. 38 от Правилника за организацията и дейността на Народното събрание. ]]><![CDATA[<br />18. Доклад за дейността на Омбудсмана на Република България за 2012 г. (Вносител: Омбудсман на Република България, 1.4.2013 г.).]]><![CDATA[<br />19. Парламентарен контрол по чл. 102 от Правилника за организацията и дейността на Народното събрание (сряда, 5.2.2014 г., от 12.30 ч.).   ]]><![CDATA[<br />20. Парламентарен контрол по чл. чл. 89 - 101 от Правилника за организацията и дейността на Народното събрание.]]></description>
			<link>http://www.parliament.bg/bg/plenaryprogram/ID/780</link>
			<pubDate>Wed, 05 Feb 2014 00:00:00 +0200</pubDate>
		</item>
		<item>
			<title>Пленарно заседание</title>
			<description>29/01/2014
				- 31/01/2014<![CDATA[<br />1. Проект на решение за изменение на Решение за приемане на процедурни правила за издигане на кандидатури, представяне и публично оповестяване на документи, изслушване на кандидати и подготовка за избор на главен инспектор в Инспектората към Висшия съдебен съвет (обн. ДВ, бр. 111 от 27.12.2013 г.) (Вносители: Цецка Цачева и група народни представители, 8.1.2014 г.) и Проект на решение за прекратяване на процедурата за избор на главен инспектор в Инспектората към Висшия съдебен съвет (Вносители: Мая Манолова и Четин Казак, 28.1.2014 г.).]]><![CDATA[<br />2. Първо гласуване на Законопроект за изменение и допълнение на Закона за здравословни и безопасни условия на труд (Вносител: Министерски съвет, 12.12.2013 г.).]]><![CDATA[<br />3. Първо гласуване на Законопроект за изменение и допълнение на Закона за интеграция на хората с увреждания (Вносител: Министерски съвет, 27.12.2013 г.).]]><![CDATA[<br />4. Първо гласуване на Законопроект за изменение и допълнение на Закона за подземните богатства (Вносител: Министерски съвет, 12.12.2013 г.).]]><![CDATA[<br />5. Първо гласуване на Законопроект за изменение на Закона за енергията от възобновяеми източници (Вносител: Министерски съвет, 13.01.2014 г.).]]><![CDATA[<br />6. Първо гласуване на Законопроекти за изменение и допълнение на Наказателния кодекс (Вносители: Волен Сидеров и група народни представители, 20.9.2013 г.; Министерски съвет, 19.12.2013 г.).]]><![CDATA[<br />7. Първо гласуване на Законопроект за изменение и допълнение на Закона за защита на лица, застрашени във връзка с наказателно производство (Вносител: Министерски съвет, 6.12.2013 г.).

]]><![CDATA[<br />8. Първо гласуване на Законопроект за изменение и допълнение на Административнопроцесуалния кодекс (Вносител: Министерски съвет, 27.11.2013 г.).]]><![CDATA[<br />9. Първо гласуване на Законопроекти за изменение и допълнение на Закона за горите (Вносители: Министерски съвет, 15.11.2013 г.; Димчо Михалевски, 25.11.2013 г.) - точка първа за четвъртък, 30.01.2014 г.]]><![CDATA[<br />10. Първо гласуване на Законопроект за изменение и допълнение на Закона за водите (Вносител: Светла Бъчварова и група народни представители, 4.12.2013 г.).]]><![CDATA[<br />11. Второ гласуване на Законопроект за изменение на Закона за гражданското въздухоплаване (Вносител: Министерски съвет, 29.7.2013 г. Приет на първо гласуване на 21.11.2013 г.) - продължение. ]]><![CDATA[<br />12. Второ гласуване на Законопроект за ограничаване изменението на климата (Вносител: Министерски съвет, 26.9.2013 г. Приет на първо гласуване на 23.10.2013 г.) - продължение.]]><![CDATA[<br />13. Второ гласуване на Законопроект за изменение и допълнение на Наказателно-процесуалния кодекс (Вносител: Министерски съвет, 25.11.2013 г. Приет на първо гласуване на 12.12.2013 г.).]]><![CDATA[<br />14. Доклади на Комисията за взаимодействие с граждански организации и движения по чл. 38 от Правилника за организацията и дейността на Народното събрание. ]]><![CDATA[<br />15. Доклад за дейността на Омбудсмана на Република България за 2012 г. (Вносител: Омбудсман на Република България, 1.4.2013 г.).]]><![CDATA[<br />16. Изслушване на министъра на околната среда и водите Искра Михайлова, министъра на регионалното развитие Десислава Терзиева и министъра на инвестиционното проектиране Иван Данов, относно  необходимостта от предприемането на спешни мерки и действия от страна на отговорните  министерства за предотвратяване презастрояването на природен парк „Странджа” и възможни наказателни процедури от страна на Европейската комисия срещу България за нарушаване на европейското екологично законодателство (Вносители: Александър Ненков и Лиляна Павлова, 29.01.2014 г.) – точка първа за петък, 31.1.2014 г.]]><![CDATA[<br />17. Парламентарен контрол по чл. чл. 89 - 101 от Правилника за организацията и дейността на Народното събрание.]]></description>
			<link>http://www.parliament.bg/bg/plenaryprogram/ID/779</link>
			<pubDate>Wed, 29 Jan 2014 00:00:00 +0200</pubDate>
		</item>
		<item>
			<title>Пленарно заседание</title>
			<description>22/01/2014
				- 24/01/2014<![CDATA[<br />1. Първо гласуване на Законопроект за изменение и допълнение на Изборния кодекс (Вносители: Андон Андонов и група народни представители, 28.6.2013 г.) и Проект на Изборен кодекс (Вносители: Мая Манолова и група народни представители, 12.12.2013 г.).]]><![CDATA[<br />2. Законопроект за ратифициране на Меморандума за разбирателство относно сътрудничество в борбата с корупцията посредством Инициативата на Югоизточна Европа за борба с корупцията и на Протокола за изменение на Меморандума за разбирателство относно сътрудничество в борбата с корупцията посредством Инициативата на Югоизточна Европа за борба с корупцията (Вносител: Министерски съвет, 12.12.2013 г.).]]><![CDATA[<br />3. Второ гласуване на Законопроект за изменение и допълнение на Закона за електронните съобщения (Вносители: Камен Костадинов и Мартин Захариев, 12.11.2013 г. Приет на първо гласуване на 12.12.2013 г.).]]><![CDATA[<br />4. Проект на решение за промяна в състава на постоянната делегация на Народното събрание в Парламентарната асамблея на Организацията за сигурност и сътрудничество в Европа (Вносители: Красимир Велчев и Димитър Главчев, 17.1.2014 г.).]]><![CDATA[<br />5. Първо гласуване на Законопроект за изменение и допълнение на Закона за пътищата (Вносител: Министерски съвет, 25.10.2013 г.).]]><![CDATA[<br />6. Първо гласуване на Законопроекти за изменение и допълнение на Закона за автомобилните превози (Вносители: Станислав Иванов и група народни представители, 13.11.2013 г.; Камен Костадинов и Георги Свиленски, 19.12.2013 г.).]]><![CDATA[<br />7. Второ гласуване на Законопроект за изменение на Закона за гражданското въздухоплаване (Вносител: Министерски съвет, 29.7.2013 г. Приет на първо гласуване на 21.11.2013 г.).]]><![CDATA[<br />8. Законопроект за ратифициране на Договора за услуги за подпомагане изпълнението на проект между Министерството на икономиката, енергетиката и туризма и Европейската банка за възстановяване и развитие (Вносител: Министерски съвет, 27.12.2013 г.).

]]><![CDATA[<br />9. Второ гласуване на Законопроект за ограничаване изменението на климата (Вносител: Министерски съвет, 26.9.2013 г. Приет на първо гласуване на 23.10.2013 г.).]]><![CDATA[<br />10. Второ гласуване на Законопроект за изменение и допълнение на Наказателно-процесуалния кодекс (Вносител: Министерски съвет, 25.11.2013 г. Приет на първо гласуване на 12.12.2013 г.).]]><![CDATA[<br />11. Проект на решение за изменение на Решение за приемане на процедурни правила за издигане на кандидатури, представяне и публично оповестяване на документи, изслушване на кандидати и подготовка за избор на главен инспектор в Инспектората към Висшия съдебен съвет (обн. ДВ, бр. 111 от 27.12.2013 г.) (Вносители: Цецка Цачева и група народни представители, 8.1.2014 г.).]]><![CDATA[<br />12. Доклади на Комисията за взаимодействие с граждански организации и движения по чл. 38 от Правилника за организацията и дейността на Народното събрание. ]]><![CDATA[<br />13. Доклад за дейността на Омбудсмана на Република България за 2012 г. (Вносител: Омбудсман на Република България, 1.4.2013 г.).]]><![CDATA[<br />14. Парламентарен контрол по чл. чл. 89 - 101 от Правилника за организацията и дейността на Народното събрание.]]></description>
			<link>http://www.parliament.bg/bg/plenaryprogram/ID/778</link>
			<pubDate>Wed, 22 Jan 2014 00:00:00 +0200</pubDate>
		</item>
		<item>
			<title>Пленарно заседание</title>
			<description>15/01/2014
				- 17/01/2014<![CDATA[<br />1. Първо гласуване на Законопроект за изменение и допълнение на Закона за кредитните институции (Вносител: Министерски съвет, 25.11.2013 г.).]]><![CDATA[<br />2. Първо гласуване на Законопроект за предучилищното и училищното образование (Вносители: Милена Дамянова и група народни представители; 31.05.2013 г.).]]><![CDATA[<br />3. Първо гласуване на Законопроект за изменение и допълнение на Закона за защита от дискриминация (Вносител: Министерски съвет, 25.11.2013 г.).]]><![CDATA[<br />4. Законопроект за ратифициране на Меморандума за разбирателство между правителството на Република България и правителството на Съединените американски щати относно финансирана от Съединените американски щати техническа помощ (Вносител: Министерски съвет, 29.11.2013 г.).]]><![CDATA[<br />5. Проекти на решения за промени в състава на постоянни комисии на Народното събрание (Вносители: Красимир Велчев и Димитър Главчев, 11.12.2013 г.).]]><![CDATA[<br />6. Първо гласуване на Законопроект за допълнение на Закона за виното и спиртните напитки (Вносител: Светла Бъчварова и група народни представители, 4.12.2013 г.).]]><![CDATA[<br />7. Второ гласуване на Законопроект за изменение и допълнение на Закона за лекарствените продукти в хуманната медицина (Общ законопроект, изготвен на основата на приетите на първо гласуване на 23.10.2013 г. законопроекти с вносители: Министерски съвет, 9.9.2013 г.; Нигяр Джафер и Емил Райнов, 9.10.2013 г.).]]><![CDATA[<br />8. Второ гласуване на Законопроект за изменение и допълнение на Закона за експортния контрол на продукти, свързани с отбраната, и на изделия и технологии с двойна употреба (Вносител: Министерски съвет, 10.10.2013 г. Приет на първо гласуване на 20.11.2013 г.).]]><![CDATA[<br />9. Доклад на Временната анкетна комисия за проучване на обстоятелствата по оповестените факти и данни за нарушенията, извършени в Комисията за предотвратяване и установяване на конфликт на интереси и проект на решение по доклада (Вносител: Временната анкетна комисия, 4.12.2013 г.).]]><![CDATA[<br />10. Второ гласуване на Законопроект за ограничаване изменението на климата (Вносител: Министерски съвет, 26.9.2013 г. Приет на първо гласуване на 23.10.2013 г.).]]><![CDATA[<br />11. Доклади на Комисията за взаимодействие с граждански организации и движения по чл. 38 от Правилника за организацията и дейността на Народното събрание. ]]><![CDATA[<br />12. Доклад за дейността на Комисията за установяване на имущество, придобито от престъпна дейност за 2011 г. (Вносител: Комисия за установяване на имущество, придобито от престъпна дейност, 28.3.2012 г.) и Доклад за дейността на Комисията за отнемане на незаконно придобито имущество за 2012 г. (Вносител: Комисия за отнемане на незаконно придобито имущество, 1.4.2013 г.).   ]]><![CDATA[<br />13. Парламентарен контрол по чл. 102 от Правилника за организацията и дейността на Народното събрание (сряда, 15.1.2014 г., от 12.30 ч.). ]]><![CDATA[<br />14. Парламентарен контрол по чл. чл. 89 - 101 от Правилника за организацията и дейността на Народното събрание.]]></description>
			<link>http://www.parliament.bg/bg/plenaryprogram/ID/777</link>
			<pubDate>Wed, 15 Jan 2014 00:00:00 +0200</pubDate>
		</item>
		<item>
			<title>Пленарно заседание</title>
			<description>18/12/2013
				- 20/12/2013<![CDATA[<br />1. Първо гласуване на Законопроекти за изменение и допълнение на Закона за физическото възпитание и спорта (Вносители: Милко Багдасаров, 1.10.2013 г.; Министерски съвет, 1.11.2013 г.) – провеждане на гласуването; обсъждането е приключило в рамките на заседанието от 13.12.2013 г.]]><![CDATA[<br />2. Първо гласуване на Законопроект за изменение и допълнение на Закона за младежта (Вносител: Министерски съвет, 18.11.2013 г.) – провеждане на гласуването; обсъждането е приключило в рамките на заседанието от 13.12.2013 г.]]><![CDATA[<br />3. Второ гласуване на Законопроект за изменение на Кодекса за социално осигуряване (Общ законопроект, изготвен на основата на приетите на първо гласуване на 8.11.2013 г. законопроекти с вносители: Сергей Станишев и група народни представители, 26.6.2013 г.; Атанас Мерджанов и група народни представители, 25.9.2013 г.).]]><![CDATA[<br />4. Второ гласуване на Законопроект за изменение на Закона за специалните разузнавателни средства (Вносители: Атанас Мерджанов и Димитър Дъбов, 10.12.2013 г. Приет на първо гласуване на 13.12.2013 г.).]]><![CDATA[<br />5. Второ гласуване на Законопроект за изменение и допълнение на Закона за хазарта (Вносители: Йордан Цонев и група народни представители, 13.11.2013 г. Приет на първо гласуване на 4.12.2013 г.).]]><![CDATA[<br />6. Второ гласуване на Законопроект за икономическите и финансови взаимоотношения с дружества, регистрирани в юрисдикции с преференциален данъчен режим и техните действителни собственици (Вносители: Йордан Цонев и Делян Пеевски, 15.10.2013 г. Приет на първо гласуване на 20.11.2013 г.).]]><![CDATA[<br />7. Избор на Националното бюро за контрол на специалните разузнавателни средства. ]]><![CDATA[<br />8. Проект на решение за създаване на Временна комисия за обсъждане и приемане на нов Изборен кодекс (Вносители: Сергей Станишев и група народни представители, 12.12.2013 г.).]]><![CDATA[<br />9. Второ гласуване на Законопроект за изменение и допълнение на Закона за отбраната и въоръжените сили на Република България (Вносител: Министерски съвет, 5.11.2013 г. Приет на първо гласуване на 11.12.2013 г.) – точка първа за четвъртък, 19.12.2013 г.]]><![CDATA[<br />10. Второ гласуване на Законопроект за изменение и допълнение на Кодекса за социално осигуряване (Вносители: Георги Гьоков и група народни представители, 20.11.2013 г. Приет на първо гласуване на 10.12.2013 г.) – точка втора за четвъртък, 19.12.2013 г.]]><![CDATA[<br />11. Проект на решение за приемане на процедурни правила за издигане на кандидатури, представяне и публично оповестяване на документи, изслушване на кандидати и подготовка за избор на главен инспектор в Инспектората към Висшия съдебен съвет - точка трета за четвъртък, 19.12.2013 г.]]><![CDATA[<br />12. Законопроект за ратифициране на Меморандума за разбирателство между правителството на Република България и правителството на Съединените американски щати относно финансирана от Съединените американски щати техническа помощ (Вносител: Министерски съвет, 29.11.2013 г.).]]><![CDATA[<br />13. Законопроект за ратифициране Изменението на Заемното споразумение (Втори проект за улесняване на търговията и транспорта) между Република България и Международната банка за възстановяване и развитие (Вносител: Министерски съвет, 13.12.2013 г.).]]><![CDATA[<br />14. Второ гласуване на Законопроект за изменение и допълнение на Закона за здравето (Вносител: Министерски съвет, 21.6.2013 г. Приет на първо гласуване на 29.11.2013 г.).]]><![CDATA[<br />15. Проект на решение за удължаване на срока на действие на Временната анкетна комисия за проверка и установяване на всички случаи на грубо партизирано кадруване в държавната администрация и в други държавни структури и предприятия, извършено в периода август 2009 - март 2013 г. - точка първа за петък, 20.12.2013 г.]]><![CDATA[<br />16. Първо гласуване на Законопроект за изменение и допълнение на Закона за кредитните институции (Вносител: Министерски съвет, 25.11.2013 г.).]]><![CDATA[<br />17. Проекти на решения за промени в състава на постоянни комисии на Народното събрание (Вносители: Красимир Велчев и Димитър Главчев, 11.12.2013 г.).]]><![CDATA[<br />18. Второ гласуване на Законопроект за ограничаване изменението на климата (Вносител: Министерски съвет, 26.9.2013 г. Приет на първо гласуване на 23.10.2013 г.).]]><![CDATA[<br />19. Първо гласуване на Законопроект за допълнение на Закона за виното и спиртните напитки (Вносител: Светла Бъчварова и група народни представители, 4.12.2013 г.).]]><![CDATA[<br />20. Второ гласуване на Законопроект за изменение и допълнение на Закона за експортния контрол на продукти, свързани с отбраната, и на изделия и технологии с двойна употреба (Вносител: Министерски съвет, 10.10.2013 г. Приет на първо гласуване на 20.11.2013 г.).]]><![CDATA[<br />21. Доклад на Временната анкетна комисия за проучване на обстоятелствата по оповестените факти и данни за нарушенията, извършени в Комисията за предотвратяване и установяване на конфликт на интереси и проект на решение по доклада (Вносител: Временната анкетна комисия, 4.12.2013 г.).]]><![CDATA[<br />22. Доклади на Комисията за взаимодействие с граждански организации и движения по чл. 38 от Правилника за организацията и дейността на Народното събрание. ]]><![CDATA[<br />23. Парламентарен контрол по чл. чл. 89 - 101 от Правилника за организацията и дейността на Народното събрание.]]></description>
			<link>http://www.parliament.bg/bg/plenaryprogram/ID/775</link>
			<pubDate>Wed, 18 Dec 2013 00:00:00 +0200</pubDate>
		</item>
		<item>
			<title>Пленарно заседание</title>
			<description>11/12/2013
				- 13/12/2013<![CDATA[<br />1. Първо гласуване на Законопроекти за изменение и допълнение на Закона за отбраната и въоръжените сили на Република България (Вносители: Ивайло Московски и група народни представители, 29.10.2013 г.; Министерски съвет, 5.11.2013 г.; Доброслав Димитров и група народни представители, 13.11.2013 г.; Доброслав Димитров и група народни представители, 21.11.2013 г.).]]><![CDATA[<br />2. Второ гласуване на Законопроект за изменение и допълнение на Закона за геодезията и картографията (Вносител: Емил Костадинов, 16.10.2013 г. Приет на първо гласуване на 20.11.2013 г.).]]><![CDATA[<br />3. Второ гласуване на Законопроект за изменение на Закона за животновъдството (Вносител: Министерски съвет, 20.9.2013 г. Приет на първо гласуване на 24.10.2013 г.).]]><![CDATA[<br />4. Второ гласуване на Законопроект за изменение и допълнение на Закона за общинската собственост (Вносител: Димчо Михалевски, 17.9.2013 г. Приет на първо гласуване на 31.10.2013 г.).]]><![CDATA[<br />5. Второ гласуване на Законопроект за изменение и допълнение на Кодекса на търговското корабоплаване (Вносител: Министерски съвет, 20.9.2013 г. Приет на първо гласуване на 17.10.2013 г.).]]><![CDATA[<br />6. Второ гласуване на Законопроект за изменение на Кодекса за социално осигуряване (Общ законопроект, изготвен на основата на приетите на първо гласуване на 8.11.2013 г. законопроекти с вносители: Сергей Станишев и група народни представители, 26.6.2013 г.; Атанас Мерджанов и група народни представители, 25.9.2013 г.) – точка първа за четвъртък, 12.12.2013 г.]]><![CDATA[<br />7. Първо гласуване на Законопроекти за изменение и допълнение на Закона за здравето (Вносители: Волен Сидеров и група народни представители, 28.5.2013 г.; Спас Панчев и група народни представители, 16.10.2013 г.) – точка втора за четвъртък, 12.12.2013 г.]]><![CDATA[<br />8. Първо гласуване на Законопроект за изменение и допълнение на Закона за електронните съобщения (Вносители: Камен Костадинов и Мартин Захариев, 12.11.2013 г.).]]><![CDATA[<br />9. Първо гласуване на Законопроект за изменение и допълнение на Наказателно-процесуалния кодекс (Вносител: Министерски съвет, 25.11.2013 г.).]]><![CDATA[<br />10. Първо гласуване на Законопроекти за изменение и допълнение на Закона за физическото възпитание и спорта (Вносители: Милко Багдасаров, 1.10.2013 г.; Министерски съвет, 1.11.2013 г.). 

]]><![CDATA[<br />11. Първо гласуване на Законопроект за изменение и допълнение на Закона за младежта (Вносител: Министерски съвет, 18.11.2013 г.).       ]]><![CDATA[<br />12. Първо гласуване на Законопроект за изменение на Закона за специалните разузнавателни средства (Вносители: Атанас Мерджанов и Димитър Дъбов, 10.12.2013 г.) – точка първа за петък, 13.12.2013 г.]]><![CDATA[<br />13. Доклад на Временната анкетна комисия за проучване на обстоятелствата по оповестените факти и данни за нарушенията, извършени в Комисията за предотвратяване и установяване на конфликт на интереси и проект на решение по доклада (Вносител: Временната анкетна комисия, 4.12.2013 г.).]]><![CDATA[<br />14. Проект на решение за създаване на Временна анкетна комисия за проверка и установяване на всички факти и обстоятелства, довели до внезапното подаване на оставка от Христо Дамянов Бисеров от всички заемани постове в Народното събрание и политическата партия Движение за права и свободи, в резултат на негови действия, след които са образувани наказателни производства за престъпления, свързани с изпиране на пари, подаване на декларации с невярно съдържание и други, както и потенциалното неправомерно изтичане на информация от българските служби за сигурност към „Боянските сараи“ (Вносители: Димитър Главчев и група народни представители, 21.11.2013 г.).]]><![CDATA[<br />15. Проект на решение за одобряване на Доклад за младежта за 2010-2012 г. (Вносител: Министерски съвет, 16.8.2013 г.).]]><![CDATA[<br />16. Парламентарен контрол по чл. чл. 89 - 101 от Правилника за организацията и дейността на Народното събрание.

]]></description>
			<link>http://www.parliament.bg/bg/plenaryprogram/ID/774</link>
			<pubDate>Wed, 11 Dec 2013 00:00:00 +0200</pubDate>
		</item>
		<item>
			<title>Пленарно заседание</title>
			<description>09/12/2013
				- 10/12/2013<![CDATA[<br />1. Второ гласуване на Законопроект за държавния бюджет на Република България за 2014 г. (Вносител: Министерски съвет, 30.10.2013 г. Приет на първо гласуване на 14.11.2013 г.) - продължение.]]><![CDATA[<br />2. Второ гласуване на Законопроект за изменение и допълнение на Данъчно-осигурителния процесуален кодекс (Вносител: Министерски съвет, 22.10.2013 г. Приет на първо гласуване на 15.11.2013 г.) - продължение.]]><![CDATA[<br />3. Първо гласуване на Законопроект за изменение и допълнение на Закона за здравното осигуряване (Вносители: Емил Райнов и група народни представители, 5.11.2013 г.).]]><![CDATA[<br />4. Първо гласуване на Законопроект за изменение и допълнение на Кодекса за социално осигуряване (Вносители: Георги Гьоков и група народни представители, 20.11.2013 г.).]]><![CDATA[<br />5. Първо гласуване на Законопроект за изменение и допълнение на Закона за рибарството и аквакултурите (Вносители: Светла Бъчварова и група народни представители, 20.11.2013 г.).]]><![CDATA[<br />6. Второ гласуване на Законопроект за изменение и допълнение на Закона за дейността на колективните инвестиционни схеми и на други предприятия за колективно инвестиране (Вносител: Министерски съвет, 15.10.2013 г. Приет на първо гласуване на 30.10.2013 г.).]]><![CDATA[<br />7. Повторно гласуване на оспорените разпоредби от Закона за изменение и допълнение на Закона за чужденците в Република България, приет от Народното събрание на 24 октомври 2013 г., върнат с Указ № 207 от 4 ноември 2013 г. на Президента на Републиката по чл. 101 от Конституцията на Република България.]]></description>
			<link>http://www.parliament.bg/bg/plenaryprogram/ID/773</link>
			<pubDate>Mon, 09 Dec 2013 00:00:00 +0200</pubDate>
		</item>
	</channel>
</rss>